student_id,gender,department,study_hours_week,attendance_pct,sleep_hours,prior_gpa,part_time_job,midterm_score,final_score
S0779,N/A,Statistics,11.4,80.0,6.0,2.81,Yes,47.0,47.0
S0335,female,Statistics,9.2,91.0,6.3,3.89,No,60.0,58.0
S0272,Male,Economics,21.1,90.0,6.8,3.54,No,65.0,59.0
S0803,Male,Statistics,11.3,90.0,7.9,3.86,No,,61.0
S0217,male,Physics,13.3,88.0,8.3,3.23,No,54.0,67.0
S0409,F,Physics,4.5,72.0,6.9,4.0,N,48.0,41.0
S0813,Male,Statistics,8.2,97.0,8.8,2.71,Yes,62.0,63.0
S0095,Female,Computer Science,27.7,82.0,7.4,3.5,Yes,60.0,75.0
S0488,Female,computer science,14.7,82.0,7.5,3.71,No,75.0,74.0
S0171,male,Economics,14.8,70.0,6.6,3.2,No,48.0,57.0
S0025,Female,Economics,16.3,87.0,7.5,2.78,No,,55.0
S0243,Female,,16.8,80.0,5.7,2.47,No,46.0,47.0
S0543,Male,Biology,11.8,88.0,6.6,4.0,No,54.0,60.0
S0931,Female,Computer Science,23.9,61.0,7.4,2.99,no,68.0,57.0
S0887,Female,STATISTICS,8.6,79.0,7.3,3.54,No,40.0,56.0
S0427,Female,Economics,14.5,96.0,8.0,3.49,Yes,67.0,66.0
S0126,Female,economics,,73.0,5.7,NA,No,59.0,44.0
S0454,male,Physics,20.9,94.0,4.3,4.0,No,70.0,70.0
S0651,male,Statistics,9.3,93.0,6.9,3.28,No,63.0,60.0
S0914,Female,Economics,15.6,91.0,7.9,3.65,No,68.0,70.0
S0169,Female,Physics,4.5,66.0,4.1,2.69,Yes,34.0,
S0777,Male,Statistics,12.3,90%,5.6,N/A,Yes,57.0,58.0
S0573,Male,Physics,19.2,78.0,6.9,3.32,No,63.0,63.0
S0849,female, Biology ,12.1,81.0,5.4,3.35,No,49.0,56.0
S0876,Male,Biology,16.0,89.0,5.9,3.01,No,62.0,63.0
S0591,M,Computer Science,11.6,95.0,7.0,N/A,N,49.0,56.0
S0026,Female,Economics,17.0,81.0,5.2,2.93,No,62.0,55.0
S0485,Male,Biology,14.3,98%,6.9,3.06,No,68.0,68.0
S0706,Male,Computer Science,15.0,83.0,7.1,3.56,yes,54.0,60.0
S0890,Female,Economics,15.3,98.0,6.6,2.77,Yes,56.0,47.0
S0682,Male,Biology,13.1,84.0,6.5,3.0,Y,45.0,55.0
S0014,Female,,9.8,75.0,5.4,3.19,No,46.0,43.0
S0880,female,Statistics,10.6,69.0,6.3,3.22,no,46.0,54.0
S0278,male,,4.9,79.0,7.3,3.66,No,-,54.0
S0317,Male,Statistics,12.6,73.0,6.0,2.45,Yes,52.0,50.0
S0300,Male,Biology,20.7,63.0,4.9,3.11,Yes,54.0,45.0
S0114,female,Computer Science,18.4,89.0,6.0,3.56,Yes,73.0,58.0
S0963,Male,Biology,20.7,NA,6.0,3.85,No,62.0,68.0
S0570,Female,Statistics,12.1,82%,7.2,4.0,Yes,,63.0
S0061,Female,Statistics,10.8,150,5.6,3.06,Yes,43.0,49.0
S0714,N/A,Economics,19.1,81.0,6.8,3.95,No,N/A,65.0
S0908,Female,Statistics,14.5,89.0,6.0,3.96,No,60.0,NA
S0716,Female,Statistics,4.3,86.0,7.2,3.79,No,62.0,48.0
S0726,Male,Physics,9.0,85.0,5.2,3.99,No,53.0,41.0
S0708,Male,Biology,14.3,67.0,6.7,3.68,Yes,57.0,49.0
S0759,Male,statistics,18.2,91.0,6.1,2.88,Yes,55.0,63.0
S0340,Male,Statistics,13.3,85.0,6.1,3.39,No,NA,68.0
S0734,Female,Physics,9.4,87.0,7.8,3.37,No,62.0,57.0
S0980,female,Physics,19.0,90.0,8.6,2.09,Yes,53.0,51.0
S0100,Female,Physics,11.2,91.0,7.5,2.87,Yes,56.0,49.0
S0961,F,statistics,12.7,82.0,5.8,2.76,Yes,48.0,55.0
S0290,Male,Biology,8.7,85.0,8.6,2.84,No,53.0,51.0
S0975,Female,N/A,12.0,NA,6.1,2.65,No,46.0,38.0
S0035,Male,Economics,19.2,87.0,6.1,3.31,Yes,57.0,59.0
S0054,Male,Computer Science,13.2,89.0,6.3,3.72,yes,51.0,62.0
S0320,Female,Statistics,16.0,85.0,7.4,3.05,No,60.0,67.0
S0957,Male,Computer Science,12.7,86.0,6.2,3.34,Yes,52.0,53.0
S0907,F,Statistics,18.1,77.0,8.9,3.27,No,53.0,64.0
S0787,Male,Computer Science,22.4,99.0,6.6,2.24,No,62.0,63.0
S0942,Male,Economics,5.1,93.0,5.9,2.5,No,38.0,51.0
S0702,M,Economics,21.9,83.0,7.2,3.25,No,67.0,66.0
S0455,male,Physics,19.7,75.0,6.6,3.13,Yes,59.0,61.0
S0363,Male,Economics,12.7,NA,7.0,3.38,Yes,40.0,40.0
S0684,Female,Computer Science,18.4,76.0,7.1,3.59,No,51.0,57.0
S0165,Male,Computer Science,N/A,100%,6.5,3.26,Yes,39.0,42.0
S0474,Female,physics,24.8,84.0,6.0,2.96,Yes,44.0,61.0
S0378,Female,Statistics,18.8,79.0,5.8,3.65,Yes,-,65.0
S0373,Female,Biology,15.4,91.0,5.9,3.2,NA,56.0,53.0
S0309,M,Physics,14.3,90.0,5.9,2.25,No,46.0,48.0
S0846,Male,Physics,14.9,100.0,7.6,,N,49.0,59.0
S0588,Female,Economics,20.2,83.0,8.1,3.25,no,68.0,74.0
S0906,Female,Economics,14.2,81.0,8.7,3.3,Yes,57.0,54.0
S0348,Male,Statistics,14.2,83.0,7.1,3.69,No,63.0,68.0
S0690,Male,Computer Science,16.6,82.0,6.3,2.31,No,44.0,49.0
S0109,Female,Biology,16.6,78.0,7.3,2.35,Yes,46.0,43.0
S0694,,Statistics,8.0,75.0,5.7,,No,46.0,47.0
S0257,Male,Statistics,13.1,63.0,7.3,3.08,No,45.0,54.0
S0719,Male,Computer Science,15.0,93.0,6.3,3.8,No,74.0,N/A
S0791,Male,Statistics,15.7,93.0,6.8,2.72,N,48.0,50.0
S0473,Male,Economics,12.4,77.0,8.1,3.43,No,56.0,54.0
S0603,FEMALE,Biology,13.0,63.0,6.6,3.52,No,55.0,53.0
S0811,Female,Computer Science,,77.0,6.0,2.77,No,44.0,51.0
S0930,Female,Physics,27.2,84.0,7.5,3.42,Yes,58.0,67.0
S0352,male,Statistics,14.9,65.0,5.1,2.51,No,48.0,50.0
S0542,Male,Economics,15.7,,6.1,,no,44.0,40.0
S0229,Male,Economics,16.0,79.0,7.7,3.34,No,45.0,73.0
S0205,Female,PHYSICS,99.0,81.0,N/A,2.91,No,37.0,40.0
S0625,Male,Statistics,13.2,84.0,6.9,2.5,Yes,49.0,41.0
S0783,Female,Economics,19.8,79.0,7.4,2.59,Yes,54.0,61.0
S0967,Male,physics,17.1,94.0,6.5,2.93,No,57.0,62.0
S0154,Male,Economics,21.0,100.0,7.1,3.85,Yes,65.0,71.0
S0677,female,Economics,9.6,84.0,4.6,3.66,No,40.0,38.0
S0027,Female,Economics,16.2,80.0,7.9,3.38,No,58.0,63.0
S0058,Female,Economics,8.4,75.0,5.7,3.63,Yes,57.0,55.0
S0047,Female,Economics,13.8,82.0,4.9,2.93,No,55.0,53.0
S0099,Male,Statistics,8.5,83.0,6.7,2.44,Yes,46.0,30.0
S0972,Male,Economics,14.4,90.0,6.7,3.47,No,58.0,66.0
S0740,Male,Physics,5.1,100.0,5.2,NA,no,56.0,41.0
S0298,Female,Economics,NA,96.0,7.4,3.27,No,63.0,59.0
S0973,Female,Physics,15.9,76.0,7.4,,No,55.0,61.0
S0494,Female,economics,15.0,66.0,6.3,4.0,No,59.0,N/A
S0141,Female,computer science,26.2,76.0,N/A,2.99,No,64.0,77.0
S0654,Female,Economics,N/A,81.0,6.8,2.99,No,58.0,53.0
S0644,Female,Economics,13.7,80.0,6.3,2.49,Yes,45.0,41.0
S0423,Male,Economics,16.6,86.0,4.9,3.21,No,54.0,62.0
S0260,Male,Physics,8.2,97.0,4.3,2.74,Yes,33.0,41.0
S0889,Male,economics,10.6,68.0,6.0,2.38,No,49.0,46.0
S0064,Male,Physics,21.9,100.0,7.2,2.38,no,54.0,55.0
S0886,Male,Economics,13.8,99.0,6.4,2.63,no,58.0,43.0
S0955,Female,Biology,10.4,81.0,9.0,3.04,No,53.0,53.0
S0730,Female,Physics,24.8,92%,5.8,3.01,Yes,57.0,66.0
S0510,Male,Economics,5.5,100.0,6.5,2.47,No,46.0,41.0
S0683,Female,Statistics,14.0,80.0,6.4,4.0,no,70.0,78.0
S0686,female,Physics,9.4,71.0,-,3.44,yes,48.0,37.0
S0782,Male,biology,17.1,72.0,6.7,3.46,No,63.0,58.0
S0147,Female,Biology,15.8,-,,2.93,N,54.0,61.0
S0466,Female,Computer Science,15.7,70%,7.1,3.37,,53.0,51.0
S0918,Female,NA,12.8,,5.4,3.14,no,40.0,43.0
S0968,Male,Physics,16.9,92.0,6.4,2.47,Yes,50.0,53.0
S0271,Male,Computer Science,22.5,90.0,7.4,2.75,N,59.0,56.0
S0545,Male,Biology,21.2,79.0,7.9,3.2,No,55.0,66.0
S0404,,Statistics,8.4,80.0,5.8,4.0,No,52.0,62.0
S0111,Male,Economics,9.4,88.0,6.2,3.13,No,48.0,50.0
S0172,Male,Biology,15.6,61.0,6.8,3.62,Yes,57.0,54.0
S0952,Male,Economics,14.6,99.0,7.1,3.42,,65.0,71.0
S0802,Male,Biology,13.1,76.0,8.7,2.53,No,,51.0
S0899,Female,Physics,10.8,76.0,7.3,3.27,no,51.0,53.0
S0010,Male,Computer Science,13.2,76.0,6.8,3.05,No,NA,58.0
S0768,Male,Biology,12.5,75.0,7.9,2.98,No,52.0,56.0
S0206,Male,Statistics,10.1,90.0,5.7,2.74,No,51.0,54.0
S0512,Male,Computer Science,16.6,85.0,6.0,3.76,No,58.0,58.0
S0744,Female,Statistics,10.6,72.0,6.8,2.22,No,47.0,46.0
S0331,Female,Physics,14.9,100.0,6.3,2.17,No,46.0,61.0
S0933,Male,Physics,18.7,83.0,7.4,3.02,No,65.0,51.0
S0358,Female,economics,17.8,82.0,6.7,NA,No,56.0,57.0
S0062,Female,Statistics,12.3,94.0,5.9,3.13,No,,52.0
S0707,Male,Economics,8.6,87.0,8.0,3.43,N,49.0,52.0
S0238,Female,Physics,14.7,89.0,,3.48,No,59.0,57.0
S0780,Female,Computer Science,16.5,89.0,5.7,2.26,Yes,57.0,49.0
S0985,Male,,15.5,86.0,N/A,2.3,Yes,55.0,60.0
S0809,Male, Biology ,10.1,77.0,6.1,3.45,No,55.0,53.0
S0362,Female,Economics,10.2,58.0,6.3,3.58,No,48.0,52.0
S0587,,Economics,18.4,78.0,6.8,3.67,No,60.0,55.0
S0532,male,ECONOMICS,3.0,100.0,6.5,3.66,Yes,47.0,44.0
S0531,Male,Physics,7.6,76.0,7.9,3.4,No,52.0,47.0
S0110,Male,Statistics,15.4,81.0,6.6,2.57,Yes,60.0,58.0
S0858,,Statistics,12.6,70.0,7.6,3.0,Y,48.0,57.0
S0306,Female,Physics,17.0,,7.4,2.82,No,41.0,43.0
S0468,Male,Biology,14.8,91.0,6.4,3.07,No,,61.0
S0737,FEMALE,N/A,21.5,NA,6.1,3.71,Yes,50.0,56.0
S0149,female,Economics,19.3,70.0,7.6,3.11,yes,55.0,54.0
S0939,Male,Economics,NA,86.0,7.4,3.54,No,56.0,57.0
S0658,F,Statistics,13.1,94.0,6.0,3.38,Yes,63.0,54.0
S0837,Male,economics,11.2,76.0,6.3,3.56,No,49.0,39.0
S0487,Male,Statistics,16.9,50.0,7.3,3.61,no,60.0,65.0
S0486,Male,economics,2.5,91.0,7.2,2.97,,51.0,49.0
S0660,Female,Computer Science,7.4,82%,5.2,4.0,No,59.0,60.0
S0129,Female,STATISTICS,19.2,71.0,8.4,3.86,no,62.0,65.0
S0592,Female,Economics,8.1,80.0,8.1,,No,-,43.0
S0559,Male,Economics,,86.0,5.5,3.96,No,62.0,59.0
S0598,female,Economics,5.7,77.0,7.7,2.79,no,42.0,38.0
S0500,Male,Economics,18.3,86.0,7.0,3.82,No,67.0,60.0
S0795,Female,Statistics,17.9,78.0,6.7,2.59,No,52.0,56.0
S0322,Male,Economics,12.5,90.0,7.1,3.5,No,57.0,67.0
S0472,Male,Computer Science,NA,69.0,8.7,3.1,NA,47.0,52.0
S0595,Male,Statistics,24.0,85.0,,3.28,No,71.0,60.0
S0776,FEMALE,Computer Science,18.4,69.0,6.9,3.2,No,64.0,57.0
S0483,male, Physics ,12.1,68.0,7.6,2.67,No,44.0,46.0
S0710,female,Computer Science,,85.0,6.4,2.72,-,47.0,37.0
S0467,Female,biology,21.0,70.0,5.6,3.38,Yes,,60.0
S0135,Male,Economics,13.1,64.0,5.2,3.74,N,33.0,39.0
S0233,Male, Biology ,14.1,86%,7.4,2.85,No,55.0,-999
S0160,,Economics,11.9,74.0,6.3,3.93,No,62.0,60.0
S0356,MALE,Computer Science,8.6,80.0,7.6,4.0,No,64.0,64.0
S0327,Male,Economics,17.8,77.0,7.3,2.48,No,44.0,43.0
S0397,Male,Economics,12.7,94.0,5.8,3.64,No,68.0,69.0
S0049,male,STATISTICS,12.5,79.0,7.1,3.33,Yes,47.0,45.0
S0075,Female,Statistics,18.2,74%,5.9,3.29,Yes,61.0,65.0
S0750,male,Biology,13.8,96.0,,4.0,No,49.0,59.0
S0800,Female,Statistics,18.0,83.0,8.2,3.38,No,58.0,68.0
S0839,Male,Computer Science,16.2,100.0,18.0,N/A,No,54.0,66.0
S0007,Female,Computer Science,16.9,92.0,6.4,3.22,No,56.0,63.0
S0492,,Biology,14.2,81.0,5.7,3.45,yes,58.0,49.0
S0345,Female,Economics,13.4,93%,7.3,3.07,No,58.0,66.0
S0633,Male,Physics,3.4,100.0,6.1,3.12,No,52.0,52.0
S0615,Male, Statistics ,6.5,89.0,4.7,2.85,Yes,45.0,46.0
S0490,Female,Biology,13.1,90.0,7.3,3.22,No,61.0,61.0
S0894,Female,economics,20.4,86.0,7.0,3.98,No,53.0,67.0
S0596,Male,Computer Science,16.1,87.0,6.9,3.24,No,57.0,69.0
S0519,Male,Statistics,15.6,91%,4.7,3.4,No,53.0,57.0
S0098,Male,Computer Science,,100.0,7.2,3.74,No,69.0,70.0
S0284,Female,Computer Science,15.3,91.0,7.9,2.84,No,55.0,-
S0681,F,Computer Science,7.3,79.0,7.9,NA,No,60.0,52.0
S0286,Male, Physics ,99.0,69.0,6.3,3.34,Yes,50.0,56.0
S0128,Female,Biology,13.4,73.0,5.8,2.68,no,44.0,52.0
S0372,Male,Physics,17.4,80.0,7.0,3.1,Yes,42.0,51.0
S0412,Male,Physics,20.7,86.0,7.5,3.69,No,66.0,73.0
S0645,Male,Physics,,72.0,6.5,2.57,No,48.0,51.0
S0982,MALE,Biology,11.9,75.0,6.5,2.82,No,NA,51.0
S0366,Female,Statistics,5.6,83.0,5.7,2.77,No,54.0,59.0
S0601,M,Biology,3.7,57.0,7.3,2.5,No,40.0,42.0
S0081,Female,Physics,17.3,80.0,8.5,,No,53.0,61.0
S0159,Male,Biology,17.0,88%,6.6,NA,No,64.0,70.0
S0424,M,Biology,18.3,81.0,6.1,3.69,No,60.0,65.0
S0748,Male,Biology,14.5,77.0,7.3,3.1,No,52.0,45.0
S0325,Male,computer science,12.1,75.0,N/A,NA,N,48.0,51.0
S0866,Female,Physics,21.8,85.0,8.8,2.49,No,60.0,61.0
S0781,Female,Computer Science,17.5,65.0,7.9,3.43,Yes,60.0,65.0
S0676,,Physics,13.0,NA,6.8,3.51,No,52.0,54.0
S0643,Female,biology,9.9,94.0,9.1,3.64,No,63.0,58.0
S0627,MALE,Statistics,21.9,81.0,7.3,2.42,Yes,65.0,60.0
S0732,Female,Statistics,14.2,92.0,7.5,3.11,No,47.0,66.0
S0285,M,Statistics,18.7,62.0,6.2,N/A,Yes,57.0,52.0
S0438,male,Computer Science,14.6,100%,7.7,3.2,No,68.0,60.0
S0180,Male,Physics,19.1,82.0,5.9,3.57,no,61.0,58.0
S0871,Female,Computer Science,15.9,86.0,7.5,3.07,No,51.0,58.0
S0840,Male,Computer Science,12.7,81.0,7.4,2.71,Y,57.0,50.0
S0223,female,BIOLOGY,N/A,84.0,6.4,3.28,No,60.0,60.0
S0123,Female,Physics,9.0,94.0,9.2,3.57,No,49.0,63.0
S0762,Female,Statistics,13.3,92.0,7.5,3.55,No,71.0,72.0
S0953,female,Statistics,16.6,100%,7.9,2.29,No,54.0,65.0
S0751,Male,Economics,10.5,79.0,6.8,4.0,No,63.0,60.0
S0874,male,Biology,15.6,77.0,7.2,3.38,Yes,,55.0
S0870,male,biology,7.1,74%,6.8,2.54,N,38.0,35.0
S0448,Male,Statistics,22.8,77.0,6.8,3.71,Yes,62.0,61.0
S0390,Female,Physics,12.7,92.0,6.2,3.1,No,43.0,62.0
S0432,Female,Economics,7.8,71.0,6.1,2.53,Yes,36.0,34.0
S0245,Female,Biology,10.8,73.0,9.0,2.83,No,56.0,55.0
S0385,Female,Statistics,12.8,64.0,,2.47,No,49.0,56.0
S0680,Male,Statistics,11.5,85.0,7.7,3.08,-,54.0,72.0
S0221,male,Economics,7.3,150,6.0,2.57,Yes,37.0,28.0
S0450,male,Physics,21.2,96.0,6.8,3.4,Yes,47.0,59.0
S0016,Male,,19.2,83.0,7.2,3.58,Yes,52.0,59.0
S0553,Female, Economics ,13.3,81.0,6.5,2.83,,45.0,43.0
S0524,,Statistics,11.1,94%,8.0,,no,67.0,71.0
S0398,Female, Computer Science ,12.8,78.0,7.6,3.18,Yes,49.0,
S0396,Male,Computer Science,6.0,91.0,5.3,,No,40.0,57.0
S0254,Male,Biology,19.1,67.0,7.8,3.9,Yes,48.0,54.0
S0935,Female,Statistics,10.3,93.0,6.4,2.65,Yes,44.0,37.0
S0794,Female,NA,20.2,93.0,7.2,3.41,Yes,65.0,56.0
S0847,Male,Statistics,13.2,68.0,6.3,2.55,Yes,38.0,42.0
S0361,F,Physics,12.9,110,7.3,3.34,Yes,45.0,37.0
S0606,Male,Economics,19.9,81.0,8.1,3.72,No,62.0,57.0
S0767,Female,Biology,20.6,61.0,4.9,3.28,Yes,58.0,50.0
S0173,Male,Physics,26.9,92.0,7.6,3.18,NA,70.0,59.0
S0687,M,Statistics,17.1,71.0,6.5,3.72,N,56.0,59.0
S0148,Female,Economics,15.8,69%,7.3,3.14,No,51.0,49.0
S0187,Male,Statistics,13.4,85%,6.0,3.34,Yes,51.0,56.0
S0044,Female,Computer Science,19.0,NA,,2.89,No,70.0,70.0
S0617,Male,PHYSICS,-,85.0,7.8,3.44,No,50.0,56.0
S0529,female,STATISTICS,11.0,82.0,5.7,2.8,No,58.0,58.0
S0926,Female,Physics,9.4,75.0,4.9,NA,No,39.0,40.0
S0297,Male,Statistics,18.0,94%,6.9,3.07,No,69.0,77.0
S0604,Male,economics,11.1,85.0,,3.74,Yes,48.0,49.0
S0139,Male,COMPUTER SCIENCE,14.4,92.0,7.0,2.94,No,62.0,57.0
S0055,Male,Statistics,5.8,95.0,6.9,3.08,No,39.0,44.0
S0670,Female, Computer Science ,21.6,67.0,6.6,3.26,No,63.0,60.0
S0052,male,Biology,13.8,62.0,8.1,3.33,No,63.0,56.0
S0820,Male,Economics,10.2,92.0,6.4,2.81,No,49.0,52.0
S0319,M,Biology,16.0,81.0,8.7,3.83,Yes,53.0,45.0
S0023,Female,Biology,17.9,86.0,7.2,2.72,No,60.0,56.0
S0501,male,statistics,3.8,80.0,6.4,3.16,No,40.0,38.0
S0801,Male,Statistics,23.8,82.0,6.6,3.22,no,56.0,78.0
S0295,Male,Statistics,11.7,89.0,8.1,3.21,Yes,55.0,
S0210,Male,Statistics,19.4,82.0,5.8,3.31,No,70.0,61.0
S0713,FEMALE,Computer Science,19.7,97.0,7.2,3.17,N,57.0,67.0
S0143,Male,Computer Science,3.7,83%,5.8,3.39,No,54.0,47.0
S0051,Female,Statistics,17.0,82.0,8.0,3.39,Yes,56.0,51.0
S0167,F,Economics,1.0,89%,6.0,2.2,no,46.0,42.0
S0622,Male,Statistics,14.1,99.0,5.1,3.28,Yes,61.0,55.0
S0656,Male,Computer Science,,88.0,7.8,2.97,No,56.0,59.0
S0082,Male,Statistics,13.9,75.0,7.2,2.95,No,52.0,59.0
S0667,Male,Statistics,11.8,87.0,7.1,2.38,No,55.0,56.0
S0984,Female, Computer Science ,4.5,88%,6.7,3.36,Yes,45.0,52.0
S0901,female,Biology,23.7,93.0,5.5,3.42,NA,65.0,65.0
S0067,Male,Statistics,15.8,70.0,7.2,2.52,No,38.0,49.0
S0733,Female,Economics,14.7,95.0,7.1,2.97,N,52.0,59.0
S0657,Male, Computer Science ,15.2,95.0,7.2,3.22,No,59.0,65.0
S0936,female, Physics ,15.3,82.0,6.2,2.73,No,56.0,53.0
S0800,Female,Statistics,18.0,83.0,8.2,3.38,No,58.0,68.0
S0511,Female,Biology,13.0,,6.9,2.35,No,43.0,51.0
S0514,M,Biology,11.1,71.0,7.6,3.27,no,52.0,56.0
S0065,male,Statistics,14.5,79.0,5.5,3.52,No,51.0,69.0
S0735,Male,Statistics,18.0,N/A,18.0,3.71,No,55.0,62.0
S0265,male,Biology,10.6,NA,6.5,3.17,No,46.0,37.0
S0865,Female,Computer Science,7.9,74.0,8.1,2.58,Yes,35.0,35.0
S0464,Male,Computer Science,11.1,,6.4,3.22,No,50.0,60.0
S0499,Male,Biology,7.7,72.0,6.3,3.17,No,54.0,45.0
S0021,Male,Physics,16.4,100.0,6.7,2.63,Yes,58.0,55.0
S0368,Female,Biology,17.5,96.0,8.4,3.77,No,,54.0
S0769,Male,Economics,14.0,84.0,7.7,2.74,No,45.0,41.0
S0697,Female,Physics,21.1,81.0,8.5,3.01,No,64.0,70.0
S0720,M,Statistics,15.9,97.0,9.0,3.46,No,60.0,83.0
S0579,NA,NA,18.2,72.0,6.6,3.26,N,41.0,57.0
S0262,Male,Statistics,10.9,96.0,7.3,-,No,48.0,55.0
S0653,Male,Economics,13.8,73.0,8.2,2.97,N,43.0,44.0
S0721,male,Economics,16.7,97.0,7.3,3.32,No,57.0,60.0
S0807,male,Physics,11.2,79.0,5.5,3.26,No,59.0,51.0
S0571,NA,Statistics,17.6,69.0,7.3,2.99,Yes,55.0,53.0
S0460,Female,Computer Science,24.9,88.0,7.1,3.55,No,70.0,66.0
S0823,Female,N/A,21.1,90.0,7.0,2.9,Yes,52.0,58.0
S0189,Female,Physics,15.5,73%,6.7,2.84,Yes,46.0,49.0
S0252,Male,Statistics,3.6,90.0,7.0,4.0,No,46.0,52.0
S0072,Female,Statistics,12.0,85.0,5.7,2.98,No,55.0,55.0
S0665,Female,STATISTICS,20.0,78.0,5.4,2.47,Yes,58.0,39.0
S0419,Female,Computer Science,14.3,76.0,7.4,3.65,Yes,51.0,61.0
S0337,Female,Computer Science,15.6,87.0,6.7,2.74,No,50.0,48.0
S0329,Male,Physics,20.8,77.0,7.7,3.16,No,61.0,
S0351,Male,Biology,10.4,96.0,5.3,3.26,No,53.0,
S0910,male,Physics,1.0,82.0,6.9,2.61,no,42.0,40.0
S0929,Female,Economics,15.5,82.0,5.6,2.97,yes,46.0,52.0
S0237,Female,Economics,11.0,81.0,5.9,2.51,No,53.0,44.0
S0376,Female,PHYSICS,13.9,81%,6.2,3.51,No,57.0,67.0
S0558,Male,Biology,10.4,85.0,6.8,3.19,No,44.0,47.0
S0685,Male,Economics,12.1,77.0,5.6,3.14,Yes,,46.0
S0452,Female,Computer Science,18.4,87.0,9.2,3.23,No,53.0,60.0
S0810,Male, Computer Science ,17.8,83.0,7.7,3.51,Yes,59.0,68.0
S0506,Female, Computer Science ,6.8,85.0,7.5,2.72,No,50.0,54.0
S0678,Female,COMPUTER SCIENCE,7.4,83.0,7.0,3.33,No,42.0,57.0
S0834,Male,Economics,11.8,83%,7.0,2.47,yes,51.0,39.0
S0527,,Statistics,21.7,87.0,6.0,2.47,No,55.0,71.0
S0481,Female,Physics,8.0,100.0,5.1,3.01,No,54.0,58.0
S0447,Male,Physics,20.6,63.0,6.9,3.74,No,47.0,54.0
S0219,Male,Computer Science,8.6,100.0,6.8,3.34,No,65.0,63.0
S0240,Female,Physics,15.2,83.0,,2.74,Yes,54.0,57.0
S0753,Male,Economics,22.4,68%,6.3,,Yes,65.0,59.0
S0526,male,Physics,4.1,91.0,6.2,3.81,No,,54.0
S0193,Female,Economics,14.4,73%,7.3,3.87,No,64.0,61.0
S0796,Male,economics,12.5,89.0,4.8,3.05,No,62.0,57.0
S0192,M,Biology,13.9,78.0,6.7,2.73,no,57.0,47.0
S0509,Male,biology,,94.0,6.5,3.3,No,68.0,61.0
S0436,Male,statistics,18.7,79.0,8.3,3.26,No,56.0,64.0
S0133,Female,Economics,10.8,77.0,6.6,3.11,No,59.0,61.0
S0557,Female,economics,14.1,96.0,7.2,2.81,Yes,56.0,53.0
S0253,female,Economics,10.8,82.0,7.5,3.0,Yes,44.0,41.0
S0672,Male,Economics,17.0,84.0,7.1,3.14,Yes,52.0,54.0
S0902,N/A,computer science,10.6,86.0,5.7,2.79,No,45.0,45.0
S0264,M,Statistics,14.0,76.0,9.3,2.6,No,,49.0
S0071,female,Computer Science,17.4,86.0,7.3,3.18,No,51.0,59.0
S0273,Female,Physics,26.7,93.0,7.2,2.99,No,54.0,67.0
S0508,female,Physics,12.1,65.0,6.0,3.45,No,31.0,53.0
S0328,Female,Economics,14.4,93.0,6.6,3.58,,49.0,57.0
S0116,Female,Computer Science,17.0,78.0,6.4,3.08,No,63.0,59.0
S0324,Female,Biology,12.8,78.0,7.3,3.41,No,58.0,56.0
S0958,M,Economics,3.5,92.0,6.3,3.61,No,47.0,43.0
S0664,Male,Physics,18.1,83.0,5.9,2.88,No,54.0,57.0
S0867,Male,Statistics,16.5,77.0,6.7,2.0,Yes,49.0,37.0
S0505,Female,Computer Science,16.0,75.0,5.4,-,no,63.0,60.0
S0621,Female,Computer Science,9.9,96.0,7.9,3.43,No,64.0,58.0
S0774,Male,Computer Science,11.3,71.0,7.1,2.59,Yes,38.0,51.0
S0703,Male,Statistics,15.2,83.0,9.3,3.46,No,64.0,65.0
S0446,Female,Economics,24.3,91.0,6.8,3.14,No,70.0,76.0
S0620,Male,Statistics,8.3,74.0,,3.37,Yes,58.0,55.0
S0752,Female,Computer Science,22.6,91.0,4.3,3.35,No,63.0,67.0
S0610,Male,Economics,17.5,73.0,5.7,3.3,no,50.0,57.0
S0279,Male,Computer Science,12.7,73.0,5.7,3.59,No,54.0,NA
S0786,Female,statistics,16.0,86.0,7.0,2.45,no,60.0,53.0
S0868,Female,Physics,16.3,75.0,6.3,2.61,No,53.0,53.0
S0003,male,N/A,13.4,90.0,7.5,NA,Yes,42.0,50.0
S0230,Female,Biology,17.1,77.0,7.7,3.5,Yes,64.0,56.0
S0420,female,economics,1.4,74.0,7.2,4.0,No,52.0,54.0
S0924,Female,Statistics,NA,83.0,6.6,,No,46.0,47.0
S0578,Male,Economics,18.7,75.0,,3.48,N,53.0,60.0
S0854,Male,Statistics,17.7,86.0,5.2,2.94,N,59.0,65.0
S0200,Male,Economics,15.9,75.0,6.5,3.45,No,62.0,54.0
S0951,Female,physics,8.4,79.0,6.9,2.59,No,51.0,40.0
S0516,M, Statistics ,18.4,85.0,8.4,3.0,NA,72.0,68.0
S0066,Male,Biology,18.1,87.0,6.7,3.63,No,59.0,59.0
S0956,Male,Computer Science,22.5,83.0,5.5,2.48,Yes,54.0,60.0
S0041,Male,Computer Science,5.0,73.0,6.6,3.78,Y,57.0,51.0
S0743,Female,Economics,18.6,89.0,6.6,3.49,No,58.0,61.0
S0515,Male,Economics,1.2,92%,8.9,3.25,NA,46.0,34.0
S0421,Female,Biology,11.4,80.0,5.6,3.11,No,NA,48.0
S0493,male,Computer Science,8.1,78.0,4.9,3.04,No,52.0,47.0
S0563,male,Biology,13.9,,5.9,3.66,no,56.0,71.0
S0274,Male,physics,19.0,80%,6.2,2.89,Yes,55.0,57.0
S0695,Female,Statistics,NA,92.0,7.8,NA,yes,52.0,52.0
S0628,Male,Physics,8.6,67.0,6.2,3.49,Yes,56.0,37.0
S0683,Female,Statistics,14.0,80.0,6.4,4.0,no,70.0,78.0
S0758,Female,Biology,7.7,89.0,5.4,3.42,Y,49.0,56.0
S0178,female,Biology,21.6,73.0,6.5,3.17,No,57.0,63.0
S0301,female,Economics,13.4,97.0,6.8,3.54,No,66.0,62.0
S0038,Male,Biology,4.9,79.0,6.9,3.22,No,51.0,55.0
S0479,Male,Biology,12.9,89.0,8.3,N/A,No,59.0,57.0
S0203,NA,Biology,18.2,87%,5.9,3.65,No,55.0,58.0
S0237,Female,Economics,11.0,81.0,5.9,2.51,No,53.0,44.0
S0150,Female,Computer Science,18.0,100.0,8.1,2.97,no,62.0,47.0
S0218,male,Computer Science,18.0,86.0,7.4,2.8,No,60.0,65.0
S0674,Male,economics,12.4,87.0,7.5,-,No,48.0,61.0
S0565,Male,Statistics,11.2,81%,7.6,2.7,No,51.0,51.0
S0912,F,Statistics,6.9,86.0,7.9,2.87,No,56.0,55.0
S0797,Female,Physics,13.5,61.0,8.4,2.8,No,46.0,59.0
S0400,Female,Computer Science,9.1,80.0,6.4,3.04,Y,52.0,-999
S0303,,Computer Science,3.6,69.0,7.5,3.03,Yes,39.0,35.0
S0853,Female,Physics,18.1,77.0,7.0,2.86,Yes,46.0,61.0
S0913,Male,Physics,N/A,80.0,7.4,3.56,No,53.0,54.0
S0668,male,Economics,10.9,71.0,7.4,3.35,No,45.0,41.0
S0561,Female,Economics,23.1,83.0,7.4,3.48,Yes,52.0,58.0
S0389,Female,Computer Science,6.3,64.0,6.4,3.86,Yes,53.0,44.0
S0410,Male,Economics,10.6,99.0,6.2,4.0,N,58.0,54.0
S0388,,,14.0,85.0,6.8,3.18,No,62.0,56.0
S0535,Male,Biology,12.8,89.0,,3.42,No,62.0,56.0
S0391,Female,Statistics,9.2,74.0,8.2,3.23,no,54.0,58.0
S0829,Female,Economics,13.2,76.0,8.1,2.38,yes,42.0,39.0
S0353,Female,Computer Science,17.1,85.0,8.4,2.42,No,53.0,55.0
S0194,Female, biology ,1.0,65.0,7.8,2.66,No,37.0,41.0
S0236,Female,Statistics,150.0,150,6.3,2.96,No,45.0,61.0
S0611,Female,Statistics,10.9,N/A,8.2,3.13,no,45.0,60.0
S0831,Female,Computer Science,9.0,68.0,5.6,3.61,No,-,58.0
S0056,Female,Biology,15.6,76.0,7.0,3.02,No,55.0,52.0
S0669,N/A,Statistics,9.9,66.0,5.3,3.26,No,55.0,52.0
S0097,Female,Physics,8.7,75.0,5.6,3.03,No,43.0,44.0
S0142,Male,Physics,9.4,83.0,7.8,2.89,No,55.0,58.0
S0696,Male,Statistics,17.1,93.0,6.4,2.69,Yes,56.0,53.0
S0857,Male,Economics,8.0,88.0,6.9,2.87,Yes,53.0,44.0
S0541,Female,Physics,7.8,100.0,7.0,2.29,No,42.0,48.0
S0568,Male,Economics,18.6,65.0,6.1,3.59,No,52.0,45.0
S0121,Male,,12.3,NA,7.7,2.73,N,50.0,54.0
S0597,Female,Economics,10.8,93.0,7.0,N/A,No,56.0,51.0
S0504,Female,Statistics,13.5,92.0,7.9,3.52,Yes,61.0,62.0
S0063,Male,Computer Science,3.8,79.0,6.9,3.42,No,47.0,58.0
S0757,Male,Physics,19.2,69.0,7.3,2.25,No,29.0,
S0443,male,Biology,14.9,87.0,5.5,3.12,No,55.0,62.0
S0415,Female,Computer Science,16.7,67%,NA,2.68,No,42.0,49.0
S0004,Female,Computer Science,9.2,89.0,7.2,2.76,Yes,52.0,59.0
S0059,Female,ECONOMICS,9.8,82.0,7.8,2.77,No,41.0,47.0
S0224,Female,Physics,20.4,88.0,6.2,3.61,Y,50.0,56.0
S0614,Female,physics,7.7,110,7.9,N/A,No,57.0,54.0
S0102,Male,Economics,11.2,NA,6.4,3.41,No,50.0,57.0
S0718,Male,Biology,10.2,75.0,6.2,2.46,No,48.0,44.0
S0222,Female,Computer Science,21.9,77.0,7.8,2.21,No,53.0,-
S0456,Male,Biology,10.5,61.0,6.8,3.33,No,61.0,45.0
S0005,Female,Economics,120.0,78.0,8.3,3.19,No,54.0,46.0
S0053,Male,Statistics,6.0,N/A,9.7,3.42,Yes,65.0,59.0
S0018,F, Statistics ,13.7,74.0,6.3,2.63,Yes,51.0,42.0
S0911,Male, biology ,13.5,78.0,7.5,2.4,Y,47.0,50.0
S0983,FEMALE,Physics,13.1,72.0,5.6,3.79,Yes,45.0,47.0
S0307,Female,Biology,17.9,76.0,5.4,2.36,No,48.0,63.0
S0661,Male,Economics,11.3,76.0,7.4,3.17,No,47.0,49.0
S0156,Female,ECONOMICS,23.3,72.0,7.0,3.45,Yes,50.0,63.0
S0819,Female,Physics,18.4,86.0,7.4,3.92,No,67.0,66.0
S0675,Female,Computer Science,8.7,81.0,7.8,3.71,No,61.0,54.0
S0249,N/A,Biology,18.2,72.0,6.3,3.44,No,43.0,60.0
S0250,Male,Physics,12.6,86.0,6.4,3.02,Yes,44.0,37.0
S0359,Male,Biology,,105,6.3,3.2,No,64.0,65.0
S0772,M,Computer Science,,69.0,7.4,2.83,N,44.0,45.0
S0431,FEMALE,Biology,15.0,76%,8.5,3.27,Yes,59.0,58.0
S0442,Female,,14.7,81.0,6.8,2.98,Yes,48.0,-
S0882,Male, Biology ,14.8,89.0,9.6,3.2,,52.0,58.0
S0843,Female, Physics ,7.6,80.0,8.7,3.36,no,45.0,49.0
S0031,NA,Statistics,22.1,67.0,7.8,3.28,No,69.0,63.0
S0282,Male,Statistics,12.6,61.0,6.5,2.73,No,49.0,51.0
S0673,Female,Statistics,14.5,81.0,,2.93,no,61.0,NA
S0960,Male,statistics,18.5,76.0,7.1,2.74,No,62.0,60.0
S0118,Female,economics,14.2,58%,7.9,2.14,No,47.0,41.0
S0898,Female,Physics,6.5,82.0,6.8,4.0,No,60.0,42.0
S0117,male,biology,15.0,73.0,7.8,3.28,No,56.0,58.0
S0581,Male,Physics,N/A,100.0,7.9,2.8,No,50.0,67.0
S0663,Female,Computer Science,NA,74.0,6.6,3.26,Yes,38.0,34.0
S0292,female,Statistics,N/A,79.0,5.3,3.05,No,42.0,-
S0028,Male,Computer Science,15.3,66.0,6.8,3.14,Yes,47.0,60.0
S0382,Male,Economics,11.3,99.0,7.5,3.59,No,64.0,69.0
S0308,Male,Economics,13.0,94%,5.1,3.07,No,58.0,59.0
S0626,Male,Biology,11.2,81%,5.0,2.61,yes,48.0,41.0
S0593,Female, Physics ,15.9,91.0,6.9,3.08,Yes,54.0,54.0
S0201,Male,Computer Science,13.0,74.0,7.9,3.08,Yes,53.0,49.0
S0569,Male,Biology,11.9,90.0,6.5,3.41,No,55.0,55.0
S0386,Female,Economics,12.0,80.0,6.4,2.6,Yes,45.0,41.0
S0864,female,Physics,2.5,88.0,4.5,2.51,No,45.0,44.0
S0659,Male,Economics,,70.0,6.7,2.58,No,70.0,69.0
S0900,female,Statistics,11.0,89.0,6.1,,Yes,50.0,54.0
S0793,Female,Biology,9.8,68.0,7.3,2.52,No,58.0,59.0
S0724,F,Physics,13.7,100.0,0.0,2.59,No,49.0,54.0
S0315,Male,Statistics,25.1,64%,6.4,2.16,no,51.0,66.0
S0893,Male,Biology,,80.0,7.3,NA,No,53.0,49.0
S0281,F,Computer Science,8.3,84.0,7.4,3.03,No,41.0,53.0
S0946,Female,Biology,14.2,67.0,6.9,2.91,No,51.0,47.0
S0755,Male,Computer Science,16.8,88.0,6.3,3.1,No,,50.0
S0354,F,Economics,14.9,79.0,5.2,3.17,No,N/A,60.0
S0642,Female,BIOLOGY,9.6,75.0,6.2,3.69,No,62.0,60.0
S0208,Female, Physics ,14.8,95%,6.6,2.85,No,55.0,53.0
S0380,MALE,Physics,12.7,73.0,6.4,3.9,Yes,45.0,42.0
S0879,Male,Computer Science,17.2,90.0,,3.06,no,66.0,77.0
S0413,Female,economics,17.1,86.0,5.0,3.26,No,54.0,58.0
S0790,Male,Statistics,17.5,78.0,7.8,3.54,No,56.0,73.0
S0024,, Statistics ,13.4,89.0,6.8,NA,Yes,49.0,48.0
S0341,Female,Physics,10.8,NA,6.2,3.45,N,50.0,50.0
S0692,F,Economics,13.5,79.0,7.6,2.78,Yes,46.0,
S0636,Male,Physics,18.2,81.0,6.8,3.28,Yes,44.0,54.0
S0155,Female,Economics,19.1,78.0,6.4,3.1,No,52.0,57.0
S0855,male,Physics,11.5,64.0,8.1,NA,No,39.0,45.0
S0554,Male,Economics,12.8,80%,7.7,3.55,No,58.0,54.0
S0725,F,Biology,12.5,74.0,5.5,2.97,yes,55.0,51.0
S0729,Male,Biology,16.6,82.0,6.5,2.82,No,59.0,57.0
S0784,Female,Statistics,18.0,72.0,,2.67,No,61.0,65.0
S0323,Female,Economics,16.5,78%,7.7,3.25,Yes,58.0,58.0
S0771,Female,Physics,12.3,91.0,5.5,3.2,Yes,46.0,48.0
S0599,Male, Computer Science ,16.3,68.0,N/A,2.49,No,50.0,43.0
S0583,Female,Physics,7.6,86.0,7.2,2.52,No,48.0,40.0
S0566,Female,Biology,15.2,94.0,7.8,2.92,Yes,56.0,56.0
S0263,Male, computer science ,13.0,79.0,6.8,4.0,No,59.0,70.0
S0458,female,Statistics,22.3,67.0,6.8,3.57,No,55.0,67.0
S0083,Male,Physics,9.7,67.0,6.3,2.47,No,41.0,27.0
S0564,Female,Statistics,14.0,100%,6.2,2.0,Yes,57.0,-999
S0408,Male,Biology,19.0,82.0,7.4,3.2,No,63.0,63.0
S0453,Male,Physics,12.4,100.0,,3.5,No,62.0,NA
S0465,Female,Statistics,17.3,79.0,6.0,2.94,Yes,45.0,49.0
S0962,Male,COMPUTER SCIENCE,11.2,80.0,,2.45,No,52.0,57.0
S0548,,Physics,14.0,88.0,6.9,3.21,No,56.0,61.0
S0039,Female,computer science,12.3,80.0,6.8,3.62,No,NA,58.0
S0418,Male,Statistics,NA,68.0,6.7,3.35,NA,52.0,67.0
S0164,Male,Statistics,11.7,84.0,9.3,2.71,No,52.0,57.0
S0334,Female,Economics,19.0,110,N/A,3.31,No,53.0,55.0
S0011,Female,Economics,2.9,100.0,6.3,3.19,Yes,65.0,46.0
S0471,Female, physics ,17.7,80.0,7.2,2.17,Yes,51.0,39.0
S0033,Female, Statistics ,10.2,83.0,8.6,2.78,Y,56.0,55.0
S0572,Female, Physics ,6.8,81.0,6.7,2.56,No,N/A,-999
S0872,Male,Biology,20.6,72%,5.8,4.0,Yes,54.0,64.0
S0383,Female,Physics,6.6,NA,7.0,3.5,No,44.0,46.0
S0602,male, Economics ,18.2,93.0,,3.61,No,58.0,59.0
S0552,Male,Computer Science,18.8,65.0,5.9,2.92,No,55.0,57.0
S0909,Male,Economics,17.9,93.0,6.6,2.5,No,59.0,65.0
S0904,Female,Physics,11.9,84.0,8.1,3.37,No,59.0,52.0
S0379,Male, Statistics ,18.6,96.0,7.2,3.05,No,65.0,72.0
S0090,Female,BIOLOGY,16.8,80.0,6.0,2.9,Yes,70.0,-999
S0214,Male,Economics,26.1,75.0,5.0,2.84,no,65.0,64.0
S0947,female,Physics,18.4,74.0,7.1,2.46,Yes,47.0,48.0
S0134,Male,Biology,,70.0,8.1,2.85,No,43.0,41.0
S0347,female,Physics,22.6,82.0,5.4,3.18,No,54.0,71.0
S0008,Male,Computer Science,4.4,85.0,7.1,3.52,Yes,43.0,49.0
S0766,Male,Computer Science,20.2,80.0,6.5,2.7,No,53.0,61.0
S0321,F,Statistics,14.2,93.0,6.6,3.64,No,56.0,57.0
S0778,Female,Biology,5.2,88.0,6.4,2.57,No,42.0,50.0
S0188,Female,Computer Science,16.9,89.0,,3.77,No,62.0,
S0305,Male,Computer Science,17.5,90.0,6.3,3.05,No,61.0,61.0
S0032,,economics,18.2,84.0,5.0,2.91,Yes,55.0,47.0
S0715,Male,Statistics,,74.0,8.2,2.95,No,44.0,54.0
S0241,Female,Biology,16.6,91.0,0.0,2.93,Yes,62.0,50.0
S0723,Male,Computer Science,NA,86.0,6.7,3.12,No,54.0,48.0
S0175,Female,Biology,15.1,85.0,5.8,2.78,,47.0,52.0
S0246,Male,,12.6,88.0,7.0,,Yes,55.0,58.0
S0057,Male,Computer Science,17.9,90.0,6.9,,No,NA,69.0
S0747,Female,Computer Science,26.1,88.0,4.6,2.92,No,65.0,78.0
S0146,Female,Physics,20.5,79.0,6.3,3.23,no,68.0,62.0
S0091,Male,Computer Science,13.8,90.0,5.9,3.06,Yes,53.0,58.0
S0393,Male, Statistics ,19.8,84.0,7.8,2.04,No,55.0,60.0
S0311,Male,Computer Science,11.7,63.0,6.6,2.22,No,43.0,N/A
S0360,Male,Physics,14.9,93.0,7.0,2.98,No,53.0,54.0
S0094,Male,Economics,19.5,82.0,6.9,2.52,No,52.0,57.0
S0830,Male,Biology,11.9,87.0,4.9,2.87,Yes,49.0,43.0
S0895,Female,Physics,16.7,78.0,7.0,3.39,No,59.0,54.0
S0377,Male,Economics,5.4,100.0,,NA,No,55.0,62.0
S0244,MALE,Biology,9.8,69.0,5.3,3.05,No,47.0,37.0
S0816,Female,Statistics,10.6,77.0,7.7,2.68,No,54.0,56.0
S0088,Female,Statistics,5.8,98%,5.6,2.82,Yes,50.0,44.0
S0215,Female,Economics,11.2,76.0,6.2,3.23,no,52.0,47.0
S0970,Female,Biology,24.6,82.0,7.4,N/A,Yes,58.0,61.0
S0174,Male,Biology,13.8,NA,7.1,2.9,Yes,52.0,68.0
S0426,Female,Statistics,12.9,83%,5.9,,No,53.0,61.0
S0770,Male,Computer Science,24.1,66.0,5.5,2.78,No,56.0,62.0
S0119,Male,Biology,12.6,81.0,8.3,2.96,No,62.0,57.0
S0120,Female,Computer Science,7.6,99.0,7.0,3.61,No,64.0,51.0
S0903,Female,Statistics,13.7,84.0,6.6,2.46,Yes,40.0,41.0
S0001,Female,Statistics,10.9,70.0,6.6,3.05,No,55.0,59.0
S0395,Female,Physics,16.9,79.0,6.5,3.46,No,61.0,62.0
S0402,FEMALE,Economics,13.6,95.0,7.6,2.63,no,63.0,70.0
S0405,Male,STATISTICS,22.1,85.0,7.2,2.45,No,65.0,55.0
S0612,Female,Computer Science,15.3,73%,6.5,2.71,No,49.0,57.0
S0619,Female,Computer Science,16.5,93.0,8.0,3.13,No,66.0,66.0
S0163,Female, Physics ,15.8,66.0,7.8,3.08,No,49.0,50.0
S0115,M,Statistics,16.0,90.0,6.5,3.92,No,69.0,74.0
S0151,Male,Economics,18.1,82.0,6.3,3.17,No,62.0,66.0
S0937,Female, Statistics ,24.2,80.0,6.4,3.6,No,69.0,77.0
S0806,Female,Biology,12.0,77.0,6.4,2.76,Yes,49.0,42.0
S0860,female,Computer Science,6.8,67.0,5.7,3.28,No,53.0,40.0
S0369,Female,Computer Science,7.0,NA,7.2,3.23,No,55.0,49.0
S0544,M,Economics,6.3,89.0,6.6,2.81,no,43.0,N/A
S0478,Female,Statistics,NA,90.0,7.3,N/A,No,52.0,53.0
S0533,FEMALE,Biology,6.5,88.0,8.2,3.16,-,55.0,55.0
S0976,male,Physics,13.7,77.0,7.1,4.0,No,73.0,55.0
S0586,MALE,N/A,9.3,71.0,6.6,3.11,No,55.0,44.0
S0948,female,Physics,16.7,78.0,5.2,2.53,No,47.0,51.0
S0259,,Economics,,71.0,6.5,3.05,No,41.0,41.0
S0838,Female,Computer Science,16.4,70.0,5.6,2.9,Y,51.0,55.0
S0136,Male,Computer Science,5.4,77.0,6.5,3.03,No,31.0,39.0
S0917,Male,Physics,13.5,86.0,7.9,2.9,No,52.0,50.0
S0631,Male,Physics,11.9,80.0,6.3,,No,48.0,52.0
S0792,Female,Biology,16.8,85.0,7.0,3.32,Yes,65.0,N/A
S0502,Male,Physics,13.0,77.0,8.6,3.24,No,53.0,63.0
S0539,Male,computer science,,64.0,6.7,2.93,Yes,51.0,49.0
S0650,Female,Biology,N/A,91.0,6.6,,Yes,54.0,54.0
S0582,Male,Statistics,16.2,67.0,5.3,3.52,No,46.0,48.0
S0344,Male,Statistics,8.7,66%,24.0,2.71,No,37.0,45.0
S0884,Female,statistics,17.6,91.0,7.6,3.56,Yes,59.0,64.0
S0832,Male,Biology,,87.0,6.3,3.38,No,67.0,65.0
S0294,Male,Computer Science,13.7,77.0,NA,3.48,no,58.0,55.0
S0365,Male,Biology,12.4,59.0,4.9,3.38,No,50.0,56.0
S0624,Female,Computer Science,11.9,65%,8.7,2.6,Yes,31.0,50.0
S0015,Male,Biology,17.7,82.0,7.0,3.28,Yes,,65.0
S0087,Female,Physics,23.8,87.0,7.6,2.63,N,64.0,55.0
S0371,Female,biology,6.7,71.0,7.4,3.22,NA,37.0,47.0
S0166,Female, Biology ,15.2,92.0,7.3,2.83,No,61.0,61.0
S0873,Male,Economics,9.4,85%,7.4,2.88,No,46.0,59.0
S0336,Male,Computer Science,10.5,77.0,7.2,2.26,No,44.0,44.0
S0060,Male,economics,12.9,87.0,5.0,3.34,No,48.0,61.0
S0355,Male,Statistics,22.6,78.0,7.3,3.16,N,68.0,74.0
S0425,Male,STATISTICS,12.9,70.0,7.9,N/A,No,,53.0
S0293,Female,Computer Science,N/A,74.0,7.4,2.84,No,51.0,53.0
S0042,Female,Statistics,N/A,96.0,7.7,3.5,No,NA,56.0
S0330,Female,computer science,19.9,83%,7.5,3.56,no,61.0,-999
S0430,Male,Physics,15.7,98.0,7.6,3.35,no,60.0,67.0
S0080,Male,Biology,12.7,93%,6.1,2.5,No,40.0,52.0
S0029,Female,Statistics,15.5,77.0,,3.5,No,59.0,66.0
S0255,F,economics,20.3,88.0,5.9,3.02,No,57.0,57.0
S0745,FEMALE,Statistics,13.0,82.0,7.0,3.75,Y,64.0,64.0
S0459,Female,Economics,9.1,92.0,6.0,N/A,No,32.0,49.0
S0384,FEMALE,Computer Science,14.3,80.0,6.5,3.24,No,NA,58.0
S0314,Female,Biology,18.0,92.0,6.5,2.76,No,53.0,64.0
S0085,M,Economics,20.4,87.0,5.9,2.84,Yes,44.0,46.0
S0575,female,Computer Science,11.7,80.0,6.6,2.75,No,53.0,51.0
S0137,Female,Economics,14.1,80.0,5.8,3.56,No,NA,
S0112,,Statistics,15.2,,7.0,2.6,Yes,51.0,55.0
S0195,Female,Statistics,13.9,70.0,7.8,2.55,No,44.0,41.0
S0179,Male,Statistics,15.3,100.0,7.4,2.85,no,61.0,58.0
S0877,Male,COMPUTER SCIENCE,15.7,87.0,7.8,3.17,N,58.0,64.0
S0497,Male,Computer Science,20.4,75.0,6.8,2.97,No,68.0,65.0
S0130,Female,Physics,12.3,86.0,7.3,3.1,No,56.0,48.0
S0338,Male,Computer Science,18.8,88.0,6.4,3.09,Yes,52.0,62.0
S0609,Male, Computer Science ,8.7,78%,6.4,3.86,No,55.0,65.0
S0125,Female,Physics,7.4,88.0,7.0,2.54,Yes,35.0,38.0
S0949,Female,Computer Science,16.8,N/A,7.4,3.25,No,74.0,78.0
S0227,Male, Biology ,10.1,93.0,5.0,2.79,no,59.0,38.0
S0269,male,Computer Science,26.8,97%,5.8,2.61,No,52.0,64.0
S0965,Female,Economics,9.4,90.0,7.5,-,No,51.0,57.0
S0485,Male,Biology,14.3,98%,6.9,3.06,No,68.0,68.0
S0104,M,Economics,10.9,69.0,6.6,3.04,Yes,45.0,42.0
S0594,Male,Economics,17.6,78.0,6.9,3.73,No,60.0,69.0
S0844,Female, PHYSICS ,,87.0,9.0,2.8,No,66.0,60.0
S0652,F,Economics,17.9,78.0,7.1,3.66,N,58.0,56.0
S0228,Female,Computer Science,10.3,84.0,6.1,3.94,Y,53.0,62.0
S0875,Male, Computer Science ,14.0,96.0,8.2,3.05,No,63.0,67.0
S0302,Male,Biology,,70.0,5.9,N/A,no,52.0,-
S0276,FEMALE,Biology,8.4,89.0,7.6,3.1,No,52.0,53.0
S0127,male,Biology,19.8,69.0,6.9,2.58,No,55.0,54.0
S0406,Male,Statistics,11.5,72.0,NA,3.08,Yes,42.0,40.0
S0881,Female, Physics ,13.2,83.0,4.3,3.11,No,47.0,54.0
S0037,Female,Statistics,10.3,90.0,7.3,3.47,No,69.0,59.0
S0140,Male,Physics,12.8,81.0,6.9,3.14,Yes,40.0,48.0
S0304,Female,Statistics,9.3,86.0,6.6,3.16,No,60.0,55.0
S0268,Female,Economics,150.0,76.0,6.7,3.41,No,NA,54.0
S0534,male,economics,12.5,62.0,8.3,3.48,N,51.0,46.0
S0546,Male,Physics,26.2,65.0,5.5,3.17,No,59.0,63.0
S0213,Female,Physics,20.9,89.0,7.7,3.75,no,62.0,76.0
S0469,Male,Physics,12.9,92.0,6.8,3.78,No,61.0,56.0
S0199,Female,Biology,21.8,64.0,7.0,2.87,No,55.0,53.0
S0528,Male, Economics ,13.3,85.0,7.4,3.81,No,,63.0
S0916,Male,Statistics,9.2,91.0,7.5,3.09,Yes,50.0,55.0
S0242,Male,Computer Science,11.4,N/A,7.7,2.72,Yes,49.0,37.0
S0343,Female,Statistics,11.4,98.0,-,,Y,51.0,55.0
S0550,male,Economics,15.1,83.0,7.8,4.0,Yes,47.0,54.0
S0387,Male,Computer Science,5.4,84.0,6.5,3.58,No,58.0,56.0
S0850,, Economics ,18.7,68.0,7.3,3.73,No,49.0,56.0
S0207,Male,Biology,14.3,79.0,6.8,2.59,Yes,44.0,42.0
S0296,MALE,Statistics,11.8,77.0,6.6,2.03,N,48.0,48.0
S0851,Male,Biology,11.6,76.0,6.7,3.53,,61.0,56.0
S0074,female,Computer Science,12.0,76.0,6.7,2.55,No,56.0,48.0
S0741,Male,Computer Science,7.4,73.0,7.2,3.03,No,45.0,49.0
S0105,Female,Physics,13.8,66%,5.1,3.42,No,42.0,34.0
S0684,Female,Computer Science,18.4,76.0,7.1,3.59,No,51.0,57.0
S0944,Female,Computer Science,N/A,80.0,6.7,3.65,no,53.0,63.0
S0953,female,Statistics,16.6,100%,7.9,2.29,No,54.0,65.0
S0017,Female,,14.7,80.0,7.5,3.24,Yes,60.0,70.0
S0440,Male,Economics,17.3,81.0,7.0,2.7,yes,57.0,52.0
S0092,Female,Computer Science,22.9,73.0,7.7,3.46,no,62.0,60.0
S0089,Male,Biology,150.0,94.0,8.0,NA,yes,63.0,54.0
S0451,Male,Physics,11.0,93.0,7.0,2.73,Yes,NA,54.0
S0103,female,statistics,5.5,78.0,6.5,2.75,No,52.0,41.0
S0239,F,,10.8,69.0,6.6,3.16,yes,N/A,38.0
S0717,Female,Statistics,11.1,95.0,8.5,3.0,No,55.0,53.0
S0247,Female,Economics,15.5,83.0,7.2,3.19,Yes,61.0,58.0
S0709,Female,Economics,19.1,84.0,8.0,3.39,Yes,67.0,63.0
S0158,Male,Statistics,10.6,69.0,6.4,2.8,no,46.0,49.0
S0480,Female,Physics,18.3,72.0,6.8,3.11,Yes,51.0,55.0
S0646,Male,Economics,9.7,86.0,5.9,2.92,Yes,45.0,45.0
S0921,Male,Biology,15.5,85%,7.5,2.72,no,,-999
S0815,Female,Computer Science,,95.0,9.0,3.31,No,57.0,67.0
S0019,Female,Economics,17.0,70.0,7.1,2.93,Yes,51.0,51.0
S0701,Female,physics,16.6,75%,6.8,3.21,No,45.0,53.0
S0122,Female,Computer Science,8.3,81.0,6.8,NA,no,61.0,52.0
S0827,Male,Economics,19.1,90.0,7.1,2.71,Yes,60.0,61.0
S0700,Male,,NA,68.0,6.1,2.7,Yes,43.0,50.0
S0275,Male,Economics,10.9,86.0,5.8,2.82,Yes,52.0,50.0
S0434,Female,physics,17.8,86.0,0.0,2.73,No,48.0,55.0
S0888,Male,Economics,12.7,100.0,6.9,3.47,N,61.0,66.0
S0312,Female,Economics,11.6,96.0,6.6,2.96,yes,53.0,N/A
S0761,MALE, Physics ,18.2,84.0,6.7,2.81,Yes,N/A,51.0
S0826,Female,Economics,10.9,86.0,6.6,3.03,no,44.0,43.0
S0547,Female,Economics,11.2,73%,7.0,2.94,No,46.0,51.0
S0182,Female,Economics,11.0,67.0,5.7,3.04,N,40.0,41.0
S0185,male,Biology,15.6,82.0,5.5,3.19,No,61.0,57.0
S0407,Female,Computer Science,19.0,89.0,5.7,3.51,No,56.0,59.0
S0607,FEMALE,Computer Science,21.1,84.0,5.9,2.93,N/A,59.0,74.0
S0693,female, Physics ,5.9,73.0,4.1,3.54,NA,48.0,40.0
S0521,male,Computer Science,8.1,76.0,5.4,2.91,Yes,40.0,42.0
S0381,Female,Computer Science,12.7,78.0,7.5,3.2,No,50.0,62.0
S0411,Female,Physics,12.8,78.0,6.6,3.0,Yes,42.0,45.0
S0635,Female,Statistics,,83%,7.0,2.98,No,50.0,34.0
S0370,Female,Economics,8.8,94.0,6.7,3.22,No,50.0,55.0
S0805,Male,ECONOMICS,12.3,95.0,7.6,3.7,No,60.0,61.0
S0974,Female,Statistics,9.5,82%,5.7,3.46,yes,52.0,53.0
S0749,male,Economics,24.6,95.0,8.3,3.17,Yes,59.0,68.0
S0079,M,Statistics,8.0,80.0,6.3,3.62,no,51.0,57.0
S0574,Female,statistics,19.3,76.0,7.1,3.24,No,62.0,N/A
S0638,Male,economics,21.4,83.0,7.5,4.0,Yes,54.0,63.0
S0608,Male,Statistics,19.0,75.0,6.9,3.53,No,58.0,73.0
S0789,Female,physics,18.1,82.0,8.0,2.55,N,53.0,58.0
S0981,Female,NA,9.3,110,5.7,3.67,No,55.0,60.0
S0822,Male,physics,15.1,86.0,7.2,3.13,No,51.0,58.0
S0915,Female,statistics,14.5,86%,6.6,2.42,N,58.0,51.0
S0417,Female,Biology,11.7,91.0,5.2,3.55,No,59.0,57.0
S0738,Male,Computer Science,18.2,86.0,7.6,3.21,Yes,57.0,59.0
S0562,Female,Economics,11.3,92.0,6.0,3.61,No,55.0,57.0
S0068,Female,Computer Science,15.6,81.0,7.7,3.34,No,51.0,60.0
S0537,M,Biology,13.7,70.0,7.2,3.46,No,43.0,43.0
S0078,Female,Economics,15.2,73.0,7.0,3.57,No,65.0,54.0
S0106,Male,Statistics,24.8,81.0,7.8,3.21,No,56.0,83.0
S0530,Male,Economics,6.7,85.0,6.2,2.49,No,44.0,47.0
S0821,Female,Statistics,13.9,98.0,7.9,3.3,No,67.0,64.0
S0639,Male,economics,15.1,,6.2,3.78,No,65.0,56.0
S0560,Male,Statistics,15.3,85.0,6.7,2.65,No,48.0,41.0
S0756,M,Computer Science,12.5,87.0,7.4,2.08,No,45.0,50.0
S0691,Female,Computer Science,11.0,81.0,8.2,2.75,Yes,41.0,47.0
S0859,Male,COMPUTER SCIENCE,11.3,89.0,7.6,2.65,Yes,47.0,51.0
S0977,Male,Economics,7.5,97.0,6.6,3.05,yes,57.0,49.0
S0861,Female,Biology,21.6,72.0,6.8,2.67,No,56.0,64.0
S0736,F,Computer Science,12.0,,7.3,2.31,Yes,55.0,57.0
S0954,Female,Physics,14.5,78.0,8.4,3.32,No,52.0,53.0
S0491,Male,Economics,1.0,85.0,6.8,2.51,Yes,40.0,46.0
S0954,Female,Physics,14.5,78.0,8.4,3.32,No,52.0,53.0
S0835,Female,Economics,13.1,80.0,7.9,3.39,No,57.0,61.0
S0606,Male,Economics,19.9,81.0,8.1,3.72,No,62.0,57.0
S0364,Male,Economics,18.8,69.0,6.5,3.41,No,57.0,65.0
S0070,Male,Statistics,16.8,80.0,6.8,3.22,Y,53.0,56.0
S0549,female,Economics,8.0,80.0,6.6,3.48,No,58.0,44.0
S0161,Male,Economics,18.9,81.0,7.4,2.89,Yes,56.0,70.0
S0012,Female,Statistics,18.7,87.0,6.4,NA,No,66.0,74.0
S0145,Male,economics,8.1,84.0,6.8,3.49,No,45.0,57.0
S0518,Male,Computer Science,10.9,85.0,6.1,3.15,No,56.0,55.0
S0428,Male,Physics,13.6,78.0,6.2,2.48,No,54.0,53.0
S0640,Male,Statistics,21.2,88.0,6.9,2.98,Yes,61.0,67.0
S0177,Male,Economics,23.9,75.0,5.3,3.14,Yes,53.0,52.0
S0441,Female,Statistics,10.6,61.0,4.7,2.76,No,42.0,53.0
S0522,Male,Statistics,15.7,76.0,7.3,2.34,yes,62.0,63.0
S0862,Female,Physics,15.1,100.0,7.6,3.6,Yes,54.0,53.0
S0932,Female,Statistics,9.6,78.0,5.7,3.36,Yes,65.0,58.0
S0689,Male,COMPUTER SCIENCE,14.4,100.0,8.0,3.02,Yes,51.0,54.0
S0232,Female,STATISTICS,18.5,66%,7.2,3.39,No,61.0,65.0
S0211,F,Biology,6.8,89.0,7.7,3.52,Yes,47.0,47.0
S0641,male,Biology,15.8,85.0,,4.0,Yes,61.0,44.0
S0144,male, Biology ,13.0,80.0,NA,2.91,No,50.0,53.0
S0754,Male,Physics,16.5,94.0,5.1,2.74,Yes,,57.0
S0520,Female,ECONOMICS,NA,76.0,8.4,3.51,no,71.0,65.0
S0356,MALE,Computer Science,8.6,80.0,7.6,4.0,No,64.0,64.0
S0299,Male,N/A,9.0,69.0,7.8,3.22,Yes,53.0,36.0
S0429,female, Physics ,15.2,93.0,7.9,3.16,No,58.0,67.0
S0613,Female,Physics,13.7,74.0,7.5,3.92,No,53.0,66.0
S0919,Female,Statistics,7.8,,7.5,2.93,No,48.0,61.0
S0927,Female,Economics,24.5,80.0,5.1,3.53,No,57.0,60.0
S0009,Female,Economics,20.0,71.0,7.3,2.87,No,61.0,62.0
S0157,Male,Physics,11.6,74.0,7.7,3.07,No,43.0,34.0
S0540,Female,Economics,15.6,81.0,4.8,2.96,No,56.0,54.0
S0507,Female,Physics,1.0,79.0,7.6,3.52,No,44.0,51.0
S0437,Female,Economics,9.8,69.0,8.5,2.8,No,54.0,62.0
S0267,Female,Statistics,14.3,76.0,7.7,3.38,No,50.0,51.0
S0462,NA,physics,3.2,94.0,6.9,3.77,No,51.0,56.0
S0577,Male,physics,18.5,91.0,6.7,3.01,Y,,56.0
S0339,Male,Computer Science,16.7,86.0,8.2,3.04,,55.0,69.0
S0256,Female,Physics,21.1,70.0,6.2,2.84,Yes,51.0,59.0
S0799,Female,Physics,16.8,81.0,6.4,2.91,No,50.0,56.0
S0841,Female,Statistics,4.7,94.0,7.6,2.85,No,56.0,52.0
S0666,Male,BIOLOGY,6.5,79.0,7.2,3.61,Yes,45.0,51.0
S0561,Female,Economics,23.1,83.0,7.4,3.48,Yes,52.0,58.0
S0209,male,Economics,8.5,75.0,7.2,4.0,Yes,51.0,42.0
S0288,Male,Computer Science,19.5,81.0,5.6,3.15,No,64.0,82.0
S0002,Female,Physics,15.3,82.0,6.8,3.32,No,53.0,58.0
S0342,male, Physics ,6.6,100.0,8.0,3.0,Yes,52.0,49.0
S0270,Male,Computer Science,11.5,90.0,5.9,2.84,No,68.0,54.0
S0266,Female,Computer Science,18.3,78.0,7.7,2.74,Yes,47.0,56.0
S0808,Male,Computer Science,10.7,84%,9.5,N/A,No,49.0,60.0
S0814,Male,Computer Science,4.4,67.0,5.0,3.47,yes,39.0,44.0
S0096,Female,COMPUTER SCIENCE,14.2,69.0,N/A,3.36,No,57.0,69.0
S0959,Female,Economics,17.7,84.0,6.2,3.63,No,61.0,66.0
S0043,NA,Economics,10.6,89.0,6.8,3.35,Yes,51.0,56.0
S0869,Female,Statistics,15.6,55.0,7.0,3.41,Yes,48.0,52.0
S0724,F,Physics,13.7,100.0,0.0,2.59,No,49.0,54.0
S0966,Female,Statistics,16.0,86.0,5.7,3.33,Yes,57.0,69.0
S0629,Male,biology,6.8,97.0,5.2,3.01,N,47.0,42.0
S0046,M,Computer Science,11.5,91.0,7.0,NA,No,59.0,57.0
S0162,,Physics,15.7,NA,6.4,3.29,No,43.0,30.0
S0728,Female,Statistics,8.8,110,6.5,2.69,No,46.0,44.0
S0630,Female,Physics,20.5,85.0,5.4,3.58,No,59.0,70.0
S0289,Male,Economics,9.2,67.0,8.0,2.98,Yes,51.0,51.0
S0590,female,Economics,6.9,78.0,5.8,3.08,No,49.0,36.0
S0885,Male,Economics,16.0,83.0,6.8,3.11,Yes,55.0,47.0
S0943,male,Statistics,17.0,88.0,5.9,3.18,yes,69.0,58.0
S0576,Female, Biology ,11.8,81.0,7.2,2.97,No,56.0,65.0
S0316,Female,Statistics,11.9,100.0,6.6,3.01,No,72.0,68.0
S0231,Male,biology,14.0,77.0,6.6,NA,No,58.0,59.0
S0699,Female,Physics,18.9,85.0,6.8,3.19,yes,56.0,49.0
S0818,Female,Computer Science,13.3,75.0,7.8,2.73,No,51.0,50.0
S0712,Male,COMPUTER SCIENCE,11.2,100.0,6.0,2.6,No,54.0,64.0
S0077,Male,Physics,7.4,67.0,6.4,2.94,No,45.0,48.0
S0634,Male,Biology,24.6,84.0,6.0,2.69,No,50.0,47.0
S0964,F,Biology,11.3,82.0,7.6,2.81,No,54.0,44.0
S0248,Female,Economics,12.7,84.0,7.0,4.0,Yes,57.0,NA
S0477,M,STATISTICS,10.1,87.0,7.2,3.13,Yes,48.0,44.0
S0671,Male,Statistics,12.5,63.0,7.9,3.44,No,53.0,56.0
S0086,male,economics,16.9,70.0,8.0,2.84,No,55.0,54.0
S0470,male,Statistics,23.1,86.0,8.3,2.7,Yes,63.0,57.0
S0226,Male,,17.4,74.0,8.4,3.14,Yes,56.0,63.0
S0775,female,Economics,17.1,77.0,7.7,2.41,No,47.0,56.0
S0332,Female,Statistics,11.2,79.0,7.6,3.14,No,56.0,45.0
S0234,Male,ECONOMICS,22.3,93.0,5.1,2.57,No,59.0,69.0
S0589,Female,Economics,16.3,69.0,7.6,3.01,Yes,53.0,49.0
S0476,Male,Computer Science,11.5,94.0,6.4,2.7,No,59.0,55.0
S0883,Male,Statistics,12.8,78.0,5.9,NA,No,60.0,43.0
S0863,Male,Physics,15.6,78.0,6.5,3.33,No,53.0,44.0
S0600,Male,Physics,13.4,84.0,6.2,3.6,Yes,51.0,55.0
S0422,Female,Statistics,16.7,99%,7.9,3.95,No,69.0,
S0688,Female,Computer Science,24.3,87%,7.5,3.85,NA,65.0,67.0
S0183,Male, Statistics ,17.5,80%,6.8,4.0,No,60.0,70.0
S0618,Male,Economics,12.6,97.0,N/A,2.53,No,54.0,N/A
S0333,female,Computer Science,10.3,NA,5.6,3.36,No,53.0,38.0
S0439,Female,Computer Science,10.0,75.0,7.9,3.5,Yes,40.0,40.0
S0050,Male,Statistics,18.6,81.0,7.5,2.39,no,53.0,56.0
S0006,Male,Computer Science,16.3,70.0,7.3,3.33,No,53.0,67.0
S0530,Male,Economics,6.7,85.0,6.2,2.49,No,44.0,47.0
S0235,Female,Computer Science,6.9,93.0,5.7,2.17,NA,45.0,38.0
S0487,Male,Statistics,16.9,50.0,7.3,3.61,no,60.0,65.0
S0897,Male,Computer Science,16.5,89.0,,3.41,Yes,57.0,54.0
S0498,Male,Statistics,14.0,93.0,5.6,3.17,No,73.0,72.0
S0891,Male,Computer Science,6.2,70.0,5.8,2.86,Yes,36.0,49.0
S0107,Female,Economics,10.8,97%,7.8,3.49,No,55.0,57.0
S0444,Male,Physics,12.8,97.0,,3.46,no,52.0,52.0
S0489,Male, Economics ,6.6,89.0,6.3,3.05,No,48.0,50.0
S0647,F,economics,19.6,96.0,5.9,3.6,No,72.0,71.0
S0013,Female,Biology,9.5,63.0,6.9,3.4,No,41.0,46.0
S0739,Male,Economics,11.1,82.0,7.8,3.32,Yes,49.0,48.0
S0727,M,Biology,18.0,76.0,6.5,3.2,yes,58.0,55.0
S0191,Male,Biology,13.2,78.0,6.7,3.22,No,47.0,52.0
S0938,Male,BIOLOGY,16.4,79.0,,3.57,No,59.0,-999
S0833,Male,Biology,16.2,100.0,5.8,2.95,No,65.0,66.0
S0283,-,Physics,13.8,85.0,7.5,3.6,Yes,63.0,57.0
S0030,Male,Computer Science,13.6,75.0,7.0,3.12,No,57.0,51.0
S0170,Female,Physics,13.9,76.0,6.1,2.38,No,44.0,50.0
S0181,Female,Statistics,24.6,90.0,7.3,3.21,No,73.0,64.0
S0101,,ECONOMICS,22.3,94.0,5.7,2.83,Yes,59.0,57.0
S0198,MALE,Biology,19.0,82.0,6.2,3.21,No,53.0,65.0
S0496,Male,Statistics,14.5,85.0,7.8,2.0,No,,47.0
S0722,Male,Biology,,81.0,6.1,3.04,No,55.0,58.0
S0648,female,Economics,16.3,84.0,6.6,3.36,No,51.0,59.0
S0969,Male,Biology,15.4,82.0,6.5,2.71,Yes,44.0,57.0
S0925,Male,Statistics,9.2,96.0,7.8,4.0,No,71.0,67.0
S0711,Female, Computer Science ,13.3,97.0,6.5,3.24,Yes,55.0,61.0
S0374,Male,PHYSICS,4.2,92.0,7.0,4.0,no,47.0,46.0
S0679,Male,Statistics,16.9,98.0,7.2,2.1,Yes,49.0,58.0
S0878,Female,Biology,12.1,78.0,7.1,3.27,No,51.0,N/A
S0649,male, Computer Science ,8.6,63.0,7.3,2.43,Yes,39.0,41.0
S0798,Female,Physics,11.5,95.0,7.0,3.04,Yes,52.0,41.0
S0848,Male,Physics,15.4,86.0,5.0,3.33,No,47.0,NA
S0461,Female,Economics,14.3,80.0,7.2,3.55,no,63.0,57.0
S0414,Female,Statistics,9.0,91.0,5.0,2.31,no,35.0,39.0
S0132,Female,Computer Science,13.5,70.0,8.1,2.9,Yes,44.0,45.0
S0040,Female,Economics,9.6,100.0,7.5,2.81,No,50.0,54.0
S0435,F,Economics,13.0,80.0,7.4,3.42,Yes,55.0,50.0
S0216,Male,Economics,12.9,83.0,5.4,3.41,No,57.0,62.0
S0556,Male,Physics,25.6,79.0,6.0,N/A,No,60.0,65.0
S0567,Female,Computer Science,13.0,77.0,5.6,2.54,No,NA,57.0
S0763,Male,Biology,6.2,81.0,9.0,3.29,Yes,51.0,52.0
S0475,Male,Physics,9.6,84.0,8.2,2.69,No,39.0,48.0
S0457,Male,Physics,13.1,86.0,N/A,3.82,Yes,58.0,62.0
S0812,female,Statistics,11.0,80.0,7.7,,Yes,46.0,47.0
S0261,Female,Biology,12.8,71.0,5.2,2.45,Yes,51.0,41.0
S0817,Male,Biology,23.4,71.0,4.0,4.0,Yes,55.0,63.0
S0036,Male,economics,16.3,88.0,6.5,3.35,No,62.0,61.0
S0828,Male,Statistics,14.7,82.0,6.9,2.66,No,61.0,66.0
S0310,Male,NA,13.6,74.0,8.0,3.38,Yes,47.0,63.0
S0277,Male,Computer Science,19.4,87.0,5.8,4.0,No,69.0,66.0
S0637,Female,Economics,5.6,77.0,7.2,3.23,Yes,51.0,44.0
S0655,F,Biology,3.0,58.0,6.6,2.89,No,49.0,35.0
S0623,Female,Physics,10.8,77%,6.4,3.83,Yes,44.0,41.0
S0836,, Biology ,25.9,95.0,7.9,3.83,No,65.0,79.0
S0845,Male,Biology,14.8,84.0,7.7,4.0,No,70.0,76.0
S0394,Female,Biology,12.3,71.0,7.5,3.34,No,51.0,57.0
S0934,Male,Biology,12.7,89.0,8.2,2.71,No,NA,65.0
S0108,Male,N/A,6.8,85.0,6.2,2.4,No,43.0,41.0
S0940,Female,economics,16.7,94.0,7.5,3.36,N,67.0,76.0
S0525,Female, Biology ,18.9,90.0,4.9,NA,No,58.0,72.0
S0785,Female,Computer Science,16.1,100.0,6.7,3.55,No,55.0,69.0
S0048,Female,Economics,12.2,72.0,8.6,3.37,No,49.0,54.0
S0204,Female,Biology,14.9,91.0,6.6,3.1,Yes,62.0,76.0
S0922,Female,Computer Science,,96.0,7.2,4.0,Yes,60.0,55.0
S0632,Male,Computer Science,NA,72.0,NA,3.16,Yes,51.0,54.0
S0022,Female,Statistics,N/A,68.0,6.1,3.19,No,57.0,59.0
S0403,NA,Biology,14.9,76.0,7.3,3.15,No,47.0,42.0
S0084,NA,Computer Science,14.6,84.0,6.5,3.01,Yes,58.0,60.0
S0131,M,Economics,7.9,69.0,6.9,3.1,No,49.0,48.0
S0416,Female,Economics,,81.0,5.6,3.03,No,61.0,64.0
S0979,Female,Economics,10.1,75.0,7.4,3.58,Yes,45.0,58.0
S0842,Male,Physics,18.2,64.0,7.7,2.36,No,42.0,47.0
S0742,Male,Computer Science,25.7,86.0,6.5,2.6,Yes,47.0,66.0
S0698,Female,Computer Science,8.9,81.0,6.2,3.37,Yes,45.0,45.0
S0287,Female,Physics,11.0,92.0,NA,NA,Yes,52.0,58.0
S0124,,PHYSICS,6.9,90.0,6.9,2.88,yes,50.0,47.0
S0034,Male,Physics,23.9,77.0,8.8,3.75,No,63.0,N/A
S0971,Male,Physics,8.8,87.0,5.1,3.39,No,53.0,61.0
S0517,male,Economics,13.7,67.0,6.8,2.79,Y,51.0,44.0
S0020,Male,Computer Science,12.8,89.0,5.5,2.63,Yes,53.0,42.0
S0923,Female,Statistics,13.0,100.0,7.2,2.34,No,59.0,65.0
S0220,Male,Statistics,18.8,82.0,N/A,2.54,No,54.0,58.0
S0892,Male,NA,19.3,83.0,6.9,2.67,No,-,54.0
S0224,Female,Physics,20.4,88.0,6.2,3.61,Y,50.0,56.0
S0482,Male,STATISTICS,12.1,75.0,6.8,3.57,No,56.0,57.0
S0357,Male,Physics,17.1,82.0,5.2,2.37,No,45.0,44.0
S0662,Male,Physics,10.3,100.0,5.8,2.17,No,47.0,32.0
S0225,Male,Statistics,8.0,67.0,6.2,3.33,No,43.0,41.0
S0760,Female,Statistics,18.0,73.0,5.6,2.22,No,49.0,46.0
S0093,Female,Economics,12.3,79.0,7.6,2.95,no,45.0,51.0
S0152,NA,Computer Science,18.1,85.0,6.6,3.23,Yes,67.0,55.0
S0978,M,Economics,7.6,84%,6.2,2.93,Yes,46.0,41.0
S0318,Female,Economics,8.1,90.0,6.3,3.35,No,52.0,46.0
S0449,Female,Physics,18.9,79.0,6.6,2.93,No,59.0,60.0
S0804,M,Biology,21.2,92.0,6.9,2.7,Yes,61.0,63.0
S0746,male,Computer Science,7.9,100.0,7.3,2.39,Yes,54.0,51.0
S0523,Female,Computer Science,14.1,90.0,6.4,2.65,No,63.0,57.0
S0280,Male,Statistics,13.9,92.0,6.1,3.6,Yes,49.0,59.0
S0584,Female,Biology,20.0,79.0,N/A,,No,68.0,63.0
S0765,Male,Physics,10.3,64.0,5.7,3.27,No,58.0,46.0
S0605,Male,Computer Science,8.5,90.0,6.6,3.22,No,59.0,61.0
S0350,Female,biology,21.2,91.0,4.9,2.33,No,62.0,59.0
S0928,Male,Computer Science,9.3,150,,3.16,Yes,60.0,52.0
S0375,Female,Computer Science,NA,69.0,8.3,3.24,Yes,48.0,50.0
S0401,M,ECONOMICS,16.6,80.0,5.8,3.43,No,57.0,NA
S0705,Female,Statistics,9.3,73%,6.9,2.79,Yes,40.0,52.0
S0258,Male,computer science,8.7,93.0,7.2,2.83,Yes,52.0,51.0
S0945,M,Biology,13.1,91.0,8.2,2.0,No,51.0,48.0
S0852,Female,Statistics,,70.0,5.6,2.68,No,51.0,58.0
S0073,Male,Computer Science,17.8,79.0,5.6,2.65,No,50.0,51.0
S0196,female,physics,6.5,80.0,5.7,2.62,Yes,35.0,45.0
S0484,M,Statistics,17.5,65.0,6.4,2.82,No,52.0,51.0
S0856,Female,computer science,21.5,81.0,5.3,2.94,Yes,48.0,56.0
S0138,Female,Economics,17.6,NA,6.8,2.95,No,58.0,61.0
S0495,Female,Physics,10.4,94.0,6.9,3.65,No,56.0,43.0
S0773,,Statistics,7.6,73.0,6.0,3.06,Yes,56.0,45.0
S0551,Female, Biology ,11.9,71.0,5.7,3.11,Y,46.0,47.0
S0463,Male,Physics,17.0,67.0,6.5,2.72,No,53.0,47.0
S0202,male,Physics,17.6,86.0,6.6,3.69,No,76.0,69.0
S0313,Male,Physics,9.4,67.0,5.2,3.35,Yes,50.0,41.0
S0291,female,Economics,14.1,85.0,5.9,2.77,No,48.0,59.0
S0190,NA,Economics,4.0,79.0,6.4,3.52,No,52.0,53.0
S0764,male,Statistics,14.8,64%,5.4,3.57,No,40.0,47.0
S0113,Female,Statistics,N/A,87.0,7.9,2.79,Yes,54.0,61.0
S0950,Male,Biology,11.7,100.0,-,3.36,No,61.0,69.0
S0184,MALE,Physics,26.5,79.0,6.4,3.04,No,59.0,65.0
S0153,Male,Computer Science,17.3,62.0,8.0,,,55.0,50.0
S0825,male,Computer Science,8.0,75.0,6.3,3.09,No,52.0,62.0
S0326,Male,Computer Science,11.5,81.0,5.7,2.72,No,55.0,51.0
S0704,female, biology ,5.2,76.0,7.4,2.77,No,54.0,50.0
S0045,Male,Computer Science,9.9,84.0,8.1,3.3,Yes,53.0,49.0
S0445,M,statistics,13.1,63.0,7.5,3.89,no,47.0,56.0
S0788,Male,Statistics,13.3,89.0,7.0,2.46,No,47.0,41.0
S0007,Female,Computer Science,16.9,92.0,6.4,3.22,No,56.0,63.0
S0251,Male,Computer Science,18.6,71.0,6.9,2.9,Yes,54.0,52.0
S0824,Male,Computer Science,5.8,98.0,N/A,2.52,No,48.0,53.0
S0076,Female,Statistics,5.4,94.0,5.0,3.4,No,53.0,49.0
S0513,F,Statistics,,89.0,4.6,3.64,yes,57.0,50.0
S0941,Female,Physics,16.7,82.0,7.8,3.31,No,48.0,64.0
S0392,Female,Biology,1.0,86.0,7.9,3.12,Yes,38.0,35.0
S0896,Male,Physics,10.9,93.0,8.6,2.75,No,67.0,69.0
S0433,Male,Biology,NA,65.0,6.3,2.87,No,43.0,43.0
S0069,Male,Statistics,12.3,78.0,7.5,3.19,Yes,65.0,60.0
S0168,Female,Statistics,21.2,84.0,,3.04,No,59.0,66.0
S0905,Female,Biology,18.8,63.0,6.7,3.4,Yes,57.0,52.0
S0731,Male,Computer Science,12.4,71.0,5.4,3.21,No,50.0,53.0
S0555,male,Physics,14.3,90.0,,2.89,Yes,49.0,47.0
S0367,Female, Statistics ,19.2,84.0,6.9,3.35,No,55.0,71.0
S0346,Male,Biology,5.9,59.0,5.7,2.53,yes,26.0,22.0
S0585,Female,BIOLOGY,11.0,71.0,4.5,3.11,No,38.0,39.0
S0536,Male,Physics,11.4,90.0,7.1,2.82,No,48.0,49.0
S0399,Male,Physics,7.3,88.0,5.8,2.93,No,54.0,53.0
S0186,female,Computer Science,19.0,85.0,6.6,3.51,No,58.0,66.0
S0349,Male,Physics,10.7,79.0,6.5,3.82,No,39.0,45.0
S0616,Female,Physics,23.1,89.0,5.6,2.89,Yes,50.0,56.0
S0920,Female,Computer Science,10.2,74.0,6.1,NA,N,43.0,38.0
S0212,Male,Economics,15.3,150,9.1,3.21,Yes,49.0,63.0
S0580,Female,Economics,13.4,65.0,7.2,4.0,Yes,58.0,53.0
S0503,Male,Computer Science,15.3,89.0,6.6,3.42,Yes,54.0,60.0
S0538,Male,Physics,18.0,58.0,8.1,2.61,No,39.0,38.0
S0197,Male,Physics,15.2,87.0,8.9,3.0,Yes,53.0,56.0
S0176,Female,Statistics,18.0,67.0,6.1,2.97,No,52.0,55.0
